DataSet,psnr,ssim
run-01_offline,28.55695189774838,0.6396024341200605
run-02_biasCorrected,27.64418334943841,0.6167804731037023
run-02_offline,28.330295145830764,0.6478998811348625
