DataSet,psnr,ssim
run-01_offline,27.446571691779994,0.5666774936296322
run-02_biasCorrected,24.835723123868803,0.3559475407868929
run-02_offline,26.717753382084744,0.49062059253886126
