DataSet,psnr,ssim
run-01_offline,32.60381175356455,0.896193649665809
run-02_biasCorrected,31.809722403201377,0.850282244308003
run-02_offline,32.30068398117611,0.877676931153173
