DataSet,psnr,ssim
IM,29.250609994746085,0.8000060501305953
NORMAL2,28.877578175667274,0.787047029986526
