DataSet,psnr,ssim
IM,30.42424427030379,0.8133364432099937
NORMAL2,30.048328817924894,0.8214093341971889
