DataSet,psnr,ssim
IM,30.959930169082043,0.8592607983644458
NORMAL2,30.431155252005375,0.8603272488622954
